sim_cycles,mixed_or_same,mem_or_coh,config,inj_rate,average_packet_latency,packets_received::total,packets_injected::total
1b,mixed,mem,ns_s_latop,0_14,10670.487561,5031850.0,5031916.0
1b,mixed,mem,ns_s_latop,0_01,7898.431827,359871.0,359872.0
1b,mixed,mem,ns_s_latop,0_02,8017.81471,719813.0,719818.0
1b,mixed,mem,ns_s_latop,0_03,8152.273794,1079452.0,1079458.0
1b,mixed,mem,ns_s_latop,0_04,8292.039008,1438058.0,1438068.0
1b,mixed,mem,ns_s_latop,0_05,8443.453305,1796352.0,1796367.0
1b,mixed,mem,ns_s_latop,0_06,8602.728129,2155392.0,2155407.0
1b,mixed,mem,ns_s_latop,0_07,8778.643397,2515139.0,2515163.0
1b,mixed,mem,ns_s_latop,0_08,8965.310256,2874592.0,2874616.0
1b,mixed,mem,ns_s_latop,0_09,9171.655917,3234007.0,3234032.0
1b,mixed,mem,ns_s_latop,0_1,9404.321061,3593848.0,3593887.0
1b,mixed,mem,ns_s_latop,0_11,9654.886359,3952431.0,3952472.0
1b,mixed,mem,ns_s_latop,0_12,9945.296464,4311896.0,4311937.0
1b,mixed,mem,ns_s_latop,0_13,10279.576203,4671491.0,4671519.0
1b,mixed,mem,ns_s_latop,0_15,11144.464237,5392266.0,5392329.0
1b,mixed,mem,ns_s_latop,0_16,11708.333126,5751404.0,5751475.0
1b,mixed,mem,ns_s_latop,0_17,12466.615303,6110987.0,6111059.0
1b,mixed,mem,ns_s_latop,0_18,13545.69399,6469607.0,6469692.0
1b,mixed,mem,ns_s_latop,0_19,15689.194664,6828288.0,6828361.0
1b,mixed,mem,ns_s_latop,0_2,46179.545585,7187363.0,7187550.0
1b,mixed,mem,ns_s_latop,0_21,5084977.763914,7458075.0,7458251.0
1b,mixed,mem,ns_s_latop,0_22,10397326.224515,7690722.0,7690902.0
1b,mixed,mem,ns_s_latop,0_23,18135456.853325,7847891.0,7848142.0
1b,mixed,mem,ns_s_latop,0_24,26946900.199208,7955740.0,7956009.0
1b,mixed,mem,ns_s_latop,0_25,37167681.956681,8034369.0,8034667.0
1b,mixed,mem,ns_s_latop,0_26,46249605.942331,8117197.0,8117491.0
1b,mixed,mem,ns_s_latop,0_27,58257747.977096,8132743.0,8133050.0
1b,mixed,mem,ns_s_latop,0_28,70020578.980065,8176673.0,8177055.0
1b,mixed,mem,ns_s_latop,0_29,81441911.37218,8185497.0,8185848.0
1b,mixed,mem,lpbt_s_power,0_01,8549.028585,359869.0,359872.0
1b,mixed,mem,lpbt_s_power,0_02,8712.948146,719813.0,719818.0
1b,mixed,mem,lpbt_s_power,0_03,8898.445067,1079452.0,1079458.0
1b,mixed,mem,lpbt_s_power,0_04,9097.365953,1438058.0,1438068.0
1b,mixed,mem,lpbt_s_power,0_05,9328.998376,1796349.0,1796367.0
1b,mixed,mem,lpbt_s_power,0_06,9587.714323,2155389.0,2155407.0
1b,mixed,mem,lpbt_s_power,0_07,9890.295353,2515137.0,2515163.0
1b,mixed,mem,lpbt_s_power,0_08,10243.108365,2874588.0,2874616.0
1b,mixed,mem,lpbt_s_power,0_09,10681.039783,3234003.0,3234032.0
1b,mixed,mem,lpbt_s_power,0_1,11258.741249,3593838.0,3593887.0
1b,mixed,mem,lpbt_s_power,0_11,12041.830373,3952426.0,3952472.0
1b,mixed,mem,lpbt_s_power,0_12,13284.289093,4311863.0,4311933.0
1b,mixed,mem,lpbt_s_power,0_13,16288.602201,4671459.0,4671519.0
1b,mixed,mem,lpbt_s_power,0_14,1729519.356401,5011633.0,5011786.0
1b,mixed,mem,lpbt_s_power,0_15,15924890.807398,5095611.0,5095761.0
1b,mixed,mem,lpbt_s_power,0_16,21930745.779677,5219317.0,5219494.0
1b,mixed,mem,lpbt_s_power,0_17,45079059.755269,5108940.0,5109190.0
1b,mixed,mem,lpbt_s_power,0_18,57731300.16725,5168544.0,5168793.0
1b,mixed,mem,lpbt_s_power,0_19,68563071.135619,5213109.0,5213360.0
1b,mixed,mem,lpbt_s_power,0_2,77262401.463694,5291810.0,5292053.0
1b,mixed,mem,lpbt_s_power,0_21,90283102.440147,5327271.0,5327526.0
1b,mixed,mem,lpbt_s_power,0_22,99696135.587434,5372676.0,5372953.0
1b,mixed,mem,lpbt_s_power,0_23,111370380.503903,5409141.0,5409432.0
1b,mixed,mem,lpbt_s_power,0_24,122370487.787033,5443081.0,5443367.0
1b,mixed,mem,lpbt_s_power,0_25,132665408.264178,5480160.0,5480464.0
1b,mixed,mem,lpbt_s_power,0_26,144717708.321484,5500944.0,5501274.0
1b,mixed,mem,lpbt_s_power,0_27,156434764.855963,5509105.0,5509420.0
1b,mixed,mem,lpbt_s_power,0_28,167332441.420548,5522442.0,5522768.0
1b,mixed,mem,lpbt_s_power,0_29,178134960.780218,5531187.0,5531471.0
1b,mixed,mem,lpbt_s_latop,0_01,8595.74044,359871.0,359872.0
1b,mixed,mem,lpbt_s_latop,0_02,8768.627297,719812.0,719818.0
1b,mixed,mem,lpbt_s_latop,0_03,8960.958831,1079452.0,1079458.0
1b,mixed,mem,lpbt_s_latop,0_04,9174.197376,1438057.0,1438068.0
1b,mixed,mem,lpbt_s_latop,0_05,9412.652093,1796350.0,1796367.0
1b,mixed,mem,lpbt_s_latop,0_06,9680.322457,2155390.0,2155407.0
1b,mixed,mem,lpbt_s_latop,0_07,10003.237881,2515131.0,2515163.0
1b,mixed,mem,lpbt_s_latop,0_08,10392.433712,2874589.0,2874616.0
1b,mixed,mem,lpbt_s_latop,0_09,10901.663303,3234001.0,3234032.0
1b,mixed,mem,lpbt_s_latop,0_1,11613.982234,3593842.0,3593887.0
1b,mixed,mem,lpbt_s_latop,0_11,13037.494004,3952426.0,3952472.0
1b,mixed,mem,lpbt_s_latop,0_12,33015.903983,4311758.0,4311847.0
1b,mixed,mem,lpbt_s_latop,0_13,5430550.160729,4592885.0,4592963.0
1b,mixed,mem,lpbt_s_latop,0_14,12086619.363519,4834262.0,4834459.0
1b,mixed,mem,lpbt_s_latop,0_15,22966873.727563,5013570.0,5013762.0
1b,mixed,mem,lpbt_s_latop,0_16,35504015.990467,5120703.0,5120953.0
1b,mixed,mem,lpbt_s_latop,0_17,44466049.770664,5236365.0,5236616.0
1b,mixed,mem,lpbt_s_latop,0_18,49529670.20267,5325253.0,5325552.0
1b,mixed,mem,lpbt_s_latop,0_19,55166097.593367,5381107.0,5381384.0
1b,mixed,mem,lpbt_s_latop,0_2,59589390.596102,5398980.0,5399253.0
1b,mixed,mem,lpbt_s_latop,0_21,68429617.179362,5402161.0,5402452.0
1b,mixed,mem,lpbt_s_latop,0_22,79789083.452168,5422417.0,5422691.0
1b,mixed,mem,lpbt_s_latop,0_23,98235492.812819,5378093.0,5378388.0
1b,mixed,mem,lpbt_s_latop,0_24,111842101.4937,5360451.0,5360725.0
1b,mixed,mem,lpbt_s_latop,0_25,122729749.498972,5320158.0,5320417.0
1b,mixed,mem,lpbt_s_latop,0_26,134181441.03437,5207980.0,5208282.0
1b,mixed,mem,lpbt_s_latop,0_27,144885908.913296,5159187.0,5159520.0
1b,mixed,mem,lpbt_s_latop,0_28,152284473.978959,5095236.0,5095527.0
1b,mixed,mem,lpbt_s_latop,0_29,160927306.592207,5052270.0,5052567.0
1b,mixed,mem,ns_s_memopt,0_01
1b,mixed,mem,ns_s_memopt,0_02
1b,mixed,mem,ns_s_memopt,0_03
1b,mixed,mem,ns_s_memopt,0_04
1b,mixed,mem,ns_s_memopt,0_05
1b,mixed,mem,ns_s_memopt,0_06
1b,mixed,mem,ns_s_memopt,0_07
1b,mixed,mem,ns_s_memopt,0_08
1b,mixed,mem,ns_s_memopt,0_09
1b,mixed,mem,ns_s_memopt,0_1
1b,mixed,mem,ns_s_memopt,0_11
1b,mixed,mem,ns_s_memopt,0_12
1b,mixed,mem,ns_s_memopt,0_13
1b,mixed,mem,ns_s_memopt,0_14
1b,mixed,mem,ns_s_memopt,0_15
1b,mixed,mem,ns_s_memopt,0_16
1b,mixed,mem,ns_s_memopt,0_17
1b,mixed,mem,ns_s_memopt,0_18
1b,mixed,mem,ns_s_memopt,0_19
1b,mixed,mem,ns_s_bwop,0_01,7871.307841,359871.0,359872.0
1b,mixed,mem,ns_s_bwop,0_02,7990.954478,719813.0,719818.0
1b,mixed,mem,ns_s_bwop,0_03,8126.091443,1079452.0,1079458.0
1b,mixed,mem,ns_s_bwop,0_04,8266.474092,1438058.0,1438068.0
1b,mixed,mem,ns_s_bwop,0_05,8417.337569,1796352.0,1796367.0
1b,mixed,mem,ns_s_bwop,0_06,8577.119009,2155393.0,2155407.0
1b,mixed,mem,ns_s_bwop,0_07,8752.595519,2515139.0,2515163.0
1b,mixed,mem,ns_s_bwop,0_08,8938.118466,2874593.0,2874616.0
1b,mixed,mem,ns_s_bwop,0_09,9144.474899,3234007.0,3234032.0
1b,mixed,mem,ns_s_bwop,0_1,9372.302854,3593849.0,3593887.0
1b,mixed,mem,ns_s_bwop,0_11,9620.886687,3952428.0,3952472.0
1b,mixed,mem,ns_s_bwop,0_12,9905.652762,4311895.0,4311937.0
1b,mixed,mem,ns_s_bwop,0_13,10232.516791,4671492.0,4671519.0
1b,mixed,mem,ns_s_bwop,0_14,10609.92413,5031856.0,5031913.0
1b,mixed,mem,ns_s_bwop,0_15,11055.010164,5392264.0,5392329.0
1b,mixed,mem,ns_s_bwop,0_16,11575.95452,5751406.0,5751474.0
1b,mixed,mem,ns_s_bwop,0_17,12253.560476,6110991.0,6111059.0
1b,mixed,mem,ns_s_bwop,0_18,13095.56982,6469608.0,6469692.0
1b,mixed,mem,ns_s_bwop,0_19,14508.932249,6828289.0,6828363.0
1b,mixed,mem,ns_s_bwop,0_2,18175.455345,7187590.0,7187719.0
1b,mixed,mem,ns_s_bwop,0_21,952314.976795,7531963.0,7532109.0
1b,mixed,mem,ns_s_bwop,0_22,3789614.052868,7835756.0,7835897.0
1b,mixed,mem,ns_s_bwop,0_23,6001263.821341,8140655.0,8140841.0
1b,mixed,mem,ns_s_bwop,0_24,11547011.388678,8379022.0,8379264.0
1b,mixed,mem,ns_s_bwop,0_25,17157164.308437,8583544.0,8583788.0
1b,mixed,mem,ns_s_bwop,0_26,24357054.133813,8764117.0,8764408.0
1b,mixed,mem,ns_s_bwop,0_27,32838395.306849,8912548.0,8912836.0
1b,mixed,mem,ns_s_bwop,0_28,40700843.332816,9054751.0,9055045.0
1b,mixed,mem,ns_s_bwop,0_29,48723297.276181,9181654.0,9181996.0
1b,mixed,mem,ns_m_latop,0_01,8728.308534,359870.0,359872.0
1b,mixed,mem,ns_m_latop,0_02,8833.686332,719813.0,719818.0
1b,mixed,mem,ns_m_latop,0_03,8955.161703,1079451.0,1079458.0
1b,mixed,mem,ns_m_latop,0_04,9079.842348,1438057.0,1438068.0
1b,mixed,mem,ns_m_latop,0_05,9218.052997,1796351.0,1796367.0
1b,mixed,mem,ns_m_latop,0_06,9363.372476,2155393.0,2155407.0
1b,mixed,mem,ns_m_latop,0_07,9525.577394,2515139.0,2515163.0
1b,mixed,mem,ns_m_latop,0_08,9696.581967,2874591.0,2874616.0
1b,mixed,mem,ns_m_latop,0_09,9887.280068,3234004.0,3234032.0
1b,mixed,mem,ns_m_latop,0_1,10097.706155,3593844.0,3593887.0
1b,mixed,mem,ns_m_latop,0_11,10330.463004,3952429.0,3952472.0
1b,mixed,mem,ns_m_latop,0_12,10591.771561,4311891.0,4311936.0
1b,mixed,mem,ns_m_latop,0_13,10889.197199,4671490.0,4671519.0
1b,mixed,mem,ns_m_latop,0_14,11238.106893,5031850.0,5031915.0
1b,mixed,mem,ns_m_latop,0_15,11645.786612,5392264.0,5392328.0
1b,mixed,mem,ns_m_latop,0_16,12129.243697,5751409.0,5751474.0
1b,mixed,mem,ns_m_latop,0_17,12733.901913,6110985.0,6111059.0
1b,mixed,mem,ns_m_latop,0_18,13489.202386,6469597.0,6469690.0
1b,mixed,mem,ns_m_latop,0_19,14520.664748,6828281.0,6828362.0
1b,mixed,mem,ns_m_latop,0_2,16166.892958,7187590.0,7187719.0
1b,mixed,mem,ns_m_latop,0_21,20075.490107,7548072.0,7548192.0
1b,mixed,mem,ns_m_latop,0_22,345225.890852,7902147.0,7902298.0
1b,mixed,mem,ns_m_latop,0_23,6230614.577573,8152593.0,8152760.0
1b,mixed,mem,ns_m_latop,0_24,12468543.648453,8368710.0,8368924.0
1b,mixed,mem,ns_m_latop,0_25,18489372.4006,8568877.0,8569088.0
1b,mixed,mem,ns_m_latop,0_26,25258480.475217,8750251.0,8750468.0
1b,mixed,mem,ns_m_latop,0_27,32211793.314376,8918962.0,8919196.0
1b,mixed,mem,ns_m_latop,0_28,38731551.215245,9082007.0,9082274.0
1b,mixed,mem,ns_m_latop,0_29,44498302.31636,9244796.0,9245042.0
1b,mixed,mem,ns_l_latop,0_01,8147.782155,359871.0,359872.0
1b,mixed,mem,ns_l_latop,0_02,8235.345202,719813.0,719818.0
1b,mixed,mem,ns_l_latop,0_03,8341.38298,1079452.0,1079458.0
1b,mixed,mem,ns_l_latop,0_04,8455.881115,1438058.0,1438068.0
1b,mixed,mem,ns_l_latop,0_05,8579.723816,1796351.0,1796367.0
1b,mixed,mem,ns_l_latop,0_06,8715.506902,2155391.0,2155407.0
1b,mixed,mem,ns_l_latop,0_07,8863.350124,2515139.0,2515163.0
1b,mixed,mem,ns_l_latop,0_08,9022.979218,2874592.0,2874616.0
1b,mixed,mem,ns_l_latop,0_09,9201.53633,3234003.0,3234032.0
1b,mixed,mem,ns_l_latop,0_1,9396.322491,3593850.0,3593887.0
1b,mixed,mem,ns_l_latop,0_11,9607.410133,3952430.0,3952472.0
1b,mixed,mem,ns_l_latop,0_12,9852.144949,4311898.0,4311936.0
1b,mixed,mem,ns_l_latop,0_13,10122.815273,4671493.0,4671519.0
1b,mixed,mem,ns_l_latop,0_14,10434.229069,5031856.0,5031915.0
1b,mixed,mem,ns_l_latop,0_15,10794.173374,5392261.0,5392329.0
1b,mixed,mem,ns_l_latop,0_16,11207.749406,5751417.0,5751474.0
1b,mixed,mem,ns_l_latop,0_17,11703.671195,6110994.0,6111058.0
1b,mixed,mem,ns_l_latop,0_18,12295.962695,6469608.0,6469692.0
1b,mixed,mem,ns_l_latop,0_19,13052.370087,6828299.0,6828362.0
1b,mixed,mem,ns_l_latop,0_2,14047.461525,7187600.0,7187721.0
1b,mixed,mem,ns_l_latop,0_21,15528.713243,7548086.0,7548194.0
1b,mixed,mem,ns_l_latop,0_22,18075.252233,7906929.0,7907036.0
1b,mixed,mem,ns_l_latop,0_23,32428.759534,8265606.0,8265763.0
1b,mixed,mem,ns_l_latop,0_24,3138141.173247,8567436.0,8567650.0
1b,mixed,mem,ns_l_latop,0_25,10698424.070319,8773887.0,8774073.0
1b,mixed,mem,ns_l_latop,0_26,17805281.000231,8956222.0,8956413.0
1b,mixed,mem,ns_l_latop,0_27,24357231.26558,9128318.0,9128582.0
1b,mixed,mem,ns_l_latop,0_28,31214788.397284,9293644.0,9293920.0
1b,mixed,mem,ns_l_latop,0_29,37980435.706965,9448112.0,9448377.0
1b,mixed,mem,kite_medium,0_01,8874.329797,359870.0,359872.0
1b,mixed,mem,kite_medium,0_02,8980.906263,719813.0,719818.0
1b,mixed,mem,kite_medium,0_03,9102.380395,1079451.0,1079458.0
1b,mixed,mem,kite_medium,0_04,9229.530483,1438058.0,1438068.0
1b,mixed,mem,kite_medium,0_05,9369.955883,1796351.0,1796367.0
1b,mixed,mem,kite_medium,0_06,9518.838392,2155392.0,2155407.0
1b,mixed,mem,kite_medium,0_07,9683.133651,2515138.0,2515163.0
1b,mixed,mem,kite_medium,0_08,9855.648778,2874590.0,2874616.0
1b,mixed,mem,kite_medium,0_09,10049.208949,3234003.0,3234032.0
1b,mixed,mem,kite_medium,0_1,10265.73631,3593847.0,3593887.0
1b,mixed,mem,kite_medium,0_11,10500.022812,3952423.0,3952472.0
1b,mixed,mem,kite_medium,0_12,10768.879608,4311893.0,4311937.0
1b,mixed,mem,kite_medium,0_13,11076.135951,4671490.0,4671519.0
1b,mixed,mem,kite_medium,0_14,11440.357195,5031851.0,5031916.0
1b,mixed,mem,kite_medium,0_15,11869.898156,5392262.0,5392329.0
1b,mixed,mem,kite_medium,0_16,12373.396305,5751408.0,5751474.0
1b,mixed,mem,kite_medium,0_17,13029.019959,6110979.0,6111058.0
1b,mixed,mem,kite_medium,0_18,13883.495589,6469605.0,6469693.0
1b,mixed,mem,kite_medium,0_19,15282.816465,6828275.0,6828362.0
1b,mixed,mem,kite_medium,0_2,18686.705093,7187593.0,7187710.0
1b,mixed,mem,kite_medium,0_21,878224.648867,7535122.0,7535263.0
1b,mixed,mem,kite_medium,0_22,4371561.95248,7829019.0,7829172.0
1b,mixed,mem,kite_medium,0_23,7357633.309431,8110511.0,8110678.0
1b,mixed,mem,kite_medium,0_24,10608767.576754,8376152.0,8376347.0
1b,mixed,mem,kite_medium,0_25,15011125.107818,8614311.0,8614541.0
1b,mixed,mem,kite_medium,0_26,21043062.770835,8811738.0,8811980.0
1b,mixed,mem,kite_medium,0_27,27040295.771485,8991473.0,8991716.0
1b,mixed,mem,kite_medium,0_28,33740206.765728,9157426.0,9157704.0
1b,mixed,mem,kite_medium,0_29,40422990.926211,9309101.0,9309368.0
1b,mixed,mem,ns_m_memopt,0_01
1b,mixed,mem,ns_m_memopt,0_02
1b,mixed,mem,ns_m_memopt,0_03
1b,mixed,mem,ns_m_memopt,0_04
1b,mixed,mem,ns_m_memopt,0_05
1b,mixed,mem,ns_m_memopt,0_06
1b,mixed,mem,ns_m_memopt,0_07
1b,mixed,mem,ns_m_memopt,0_08
1b,mixed,mem,ns_m_memopt,0_09
1b,mixed,mem,ns_m_memopt,0_1
1b,mixed,mem,ns_m_memopt,0_11
1b,mixed,mem,ns_m_memopt,0_12
1b,mixed,mem,ns_m_memopt,0_13
1b,mixed,mem,ns_m_memopt,0_14
1b,mixed,mem,ns_m_memopt,0_15
1b,mixed,mem,ns_m_memopt,0_16
1b,mixed,mem,ns_m_memopt,0_17
1b,mixed,mem,ns_m_memopt,0_18
1b,mixed,mem,ns_m_memopt,0_19
1b,mixed,mem,lpbt_m_latop,0_01,9277.589318,359870.0,359872.0
1b,mixed,mem,lpbt_m_latop,0_02,9397.94894,719813.0,719818.0
1b,mixed,mem,lpbt_m_latop,0_03,9538.882098,1079451.0,1079458.0
1b,mixed,mem,lpbt_m_latop,0_04,9690.724708,1438058.0,1438068.0
1b,mixed,mem,lpbt_m_latop,0_05,9859.412715,1796348.0,1796367.0
1b,mixed,mem,lpbt_m_latop,0_06,10041.613227,2155389.0,2155407.0
1b,mixed,mem,lpbt_m_latop,0_07,10249.56182,2515133.0,2515163.0
1b,mixed,mem,lpbt_m_latop,0_08,10483.590462,2874587.0,2874616.0
1b,mixed,mem,lpbt_m_latop,0_09,10759.307009,3233999.0,3234032.0
1b,mixed,mem,lpbt_m_latop,0_1,11094.130454,3593839.0,3593887.0
1b,mixed,mem,lpbt_m_latop,0_11,11506.472485,3952420.0,3952472.0
1b,mixed,mem,lpbt_m_latop,0_12,12094.738769,4311890.0,4311937.0
1b,mixed,mem,lpbt_m_latop,0_13,13312.831864,4671482.0,4671519.0
1b,mixed,mem,lpbt_m_latop,0_14,78734.445896,5031116.0,5031206.0
1b,mixed,mem,lpbt_m_latop,0_15,6419714.812296,5304387.0,5304483.0
1b,mixed,mem,lpbt_m_latop,0_16,9825323.77651,5574958.0,5575081.0
1b,mixed,mem,lpbt_m_latop,0_17,16002417.765536,5802125.0,5802261.0
1b,mixed,mem,lpbt_m_latop,0_18,20830348.304335,6020398.0,6020556.0
1b,mixed,mem,lpbt_m_latop,0_19,27091990.909429,6218875.0,6219066.0
1b,mixed,mem,lpbt_m_latop,0_2,32845364.70277,6405745.0,6405975.0
1b,mixed,mem,lpbt_m_latop,0_21,37668275.974778,6580758.0,6580982.0
1b,mixed,mem,lpbt_m_latop,0_22,41894178.987242,6753666.0,6753889.0
1b,mixed,mem,lpbt_m_latop,0_23,48223830.411467,6911642.0,6911928.0
1b,mixed,mem,lpbt_m_latop,0_24,56514916.029967,7040860.0,7041151.0
1b,mixed,mem,lpbt_m_latop,0_25,66539913.141786,7126405.0,7126709.0
1b,mixed,mem,lpbt_m_latop,0_26,75829307.015767,7198761.0,7199030.0
1b,mixed,mem,lpbt_m_latop,0_27,85305183.05206,7249006.0,7249311.0
1b,mixed,mem,lpbt_m_latop,0_28,94456866.317481,7302751.0,7303081.0
1b,mixed,mem,lpbt_m_latop,0_29,101871503.196129,7362957.0,7363277.0
1b,mixed,mem,kite_large,0_01,8358.969592,359869.0,359872.0
1b,mixed,mem,kite_large,0_02,8448.217362,719812.0,719818.0
1b,mixed,mem,kite_large,0_03,8560.35422,1079452.0,1079458.0
1b,mixed,mem,kite_large,0_04,8682.482811,1438057.0,1438068.0
1b,mixed,mem,kite_large,0_05,8815.049404,1796351.0,1796367.0
1b,mixed,mem,kite_large,0_06,8958.240067,2155391.0,2155407.0
1b,mixed,mem,kite_large,0_07,9118.094891,2515138.0,2515163.0
1b,mixed,mem,kite_large,0_08,9289.169786,2874591.0,2874616.0
1b,mixed,mem,kite_large,0_09,9480.280499,3234003.0,3234032.0
1b,mixed,mem,kite_large,0_1,9691.144591,3593850.0,3593887.0
1b,mixed,mem,kite_large,0_11,9920.332638,3952431.0,3952472.0
1b,mixed,mem,kite_large,0_12,10182.086564,4311894.0,4311936.0
1b,mixed,mem,kite_large,0_13,10475.221929,4671491.0,4671519.0
1b,mixed,mem,kite_large,0_14,10817.025451,5031852.0,5031913.0
1b,mixed,mem,kite_large,0_15,11205.174901,5392263.0,5392329.0
1b,mixed,mem,kite_large,0_16,11656.020336,5751413.0,5751473.0
1b,mixed,mem,kite_large,0_17,12203.216335,6110991.0,6111058.0
1b,mixed,mem,kite_large,0_18,12861.033813,6469605.0,6469692.0
1b,mixed,mem,kite_large,0_19,13728.940703,6828284.0,6828360.0
1b,mixed,mem,kite_large,0_2,14897.198192,7187601.0,7187717.0
1b,mixed,mem,kite_large,0_21,16837.667505,7548076.0,7548194.0
1b,mixed,mem,kite_large,0_22,23758.388386,7906836.0,7906969.0
1b,mixed,mem,kite_large,0_23,2486183.401187,8220582.0,8220765.0
1b,mixed,mem,kite_large,0_24,8705285.044044,8449159.0,8449363.0
1b,mixed,mem,kite_large,0_25,15928485.596957,8648142.0,8648362.0
1b,mixed,mem,kite_large,0_26,23473568.196222,8825333.0,8825537.0
1b,mixed,mem,kite_large,0_27,30155530.900723,8993056.0,8993310.0
1b,mixed,mem,kite_large,0_28,37133112.249449,9147555.0,9147824.0
1b,mixed,mem,kite_large,0_29,43239614.391745,9308049.0,9308271.0
1b,mixed,mem,ns_m_bwop,0_01,8759.573201,359870.0,359872.0
1b,mixed,mem,ns_m_bwop,0_02,8864.071085,719812.0,719818.0
1b,mixed,mem,ns_m_bwop,0_03,8984.341311,1079451.0,1079458.0
1b,mixed,mem,ns_m_bwop,0_04,9109.94079,1438058.0,1438068.0
1b,mixed,mem,ns_m_bwop,0_05,9247.309721,1796351.0,1796367.0
1b,mixed,mem,ns_m_bwop,0_06,9393.521787,2155393.0,2155407.0
1b,mixed,mem,ns_m_bwop,0_07,9554.730423,2515136.0,2515163.0
1b,mixed,mem,ns_m_bwop,0_08,9727.936315,2874587.0,2874616.0
1b,mixed,mem,ns_m_bwop,0_09,9915.245738,3234003.0,3234032.0
1b,mixed,mem,ns_m_bwop,0_1,10127.21104,3593848.0,3593887.0
1b,mixed,mem,ns_m_bwop,0_11,10355.128096,3952430.0,3952472.0
1b,mixed,mem,ns_m_bwop,0_12,10620.272374,4311896.0,4311937.0
1b,mixed,mem,ns_m_bwop,0_13,10921.355765,4671490.0,4671519.0
1b,mixed,mem,ns_m_bwop,0_14,11273.902007,5031850.0,5031916.0
1b,mixed,mem,ns_m_bwop,0_15,11687.233702,5392264.0,5392326.0
1b,mixed,mem,ns_m_bwop,0_16,12166.024865,5751409.0,5751474.0
1b,mixed,mem,ns_m_bwop,0_17,12766.089958,6110989.0,6111059.0
1b,mixed,mem,ns_m_bwop,0_18,13537.936678,6469604.0,6469692.0
1b,mixed,mem,ns_m_bwop,0_19,14584.578691,6828284.0,6828362.0
1b,mixed,mem,ns_m_bwop,0_2,16238.411429,7187594.0,7187716.0
1b,mixed,mem,ns_m_bwop,0_21,20284.403033,7548058.0,7548193.0
1b,mixed,mem,ns_m_bwop,0_22,988737.993632,7891705.0,7891851.0
1b,mixed,mem,ns_m_bwop,0_23,5403371.914677,8165752.0,8165940.0
1b,mixed,mem,ns_m_bwop,0_24,10780490.416631,8402005.0,8402213.0
1b,mixed,mem,ns_m_bwop,0_25,15779694.039867,8627709.0,8627942.0
1b,mixed,mem,ns_m_bwop,0_26,22471460.420755,8811633.0,8811876.0
1b,mixed,mem,ns_m_bwop,0_27,28823887.932141,8990970.0,8991218.0
1b,mixed,mem,ns_m_bwop,0_28,36043125.898429,9147393.0,9147660.0
1b,mixed,mem,ns_m_bwop,0_29,42602653.12082,9301915.0,9302169.0
1b,mixed,mem,ns_l_bwop,0_01,8173.568173,359871.0,359872.0
1b,mixed,mem,ns_l_bwop,0_02,8261.243767,719813.0,719818.0
1b,mixed,mem,ns_l_bwop,0_03,8367.378359,1079452.0,1079458.0
1b,mixed,mem,ns_l_bwop,0_04,8480.718002,1438058.0,1438068.0
1b,mixed,mem,ns_l_bwop,0_05,8602.872999,1796350.0,1796367.0
1b,mixed,mem,ns_l_bwop,0_06,8738.026952,2155392.0,2155407.0
1b,mixed,mem,ns_l_bwop,0_07,8885.764856,2515138.0,2515163.0
1b,mixed,mem,ns_l_bwop,0_08,9041.084231,2874591.0,2874616.0
1b,mixed,mem,ns_l_bwop,0_09,9219.796188,3234004.0,3234032.0
1b,mixed,mem,ns_l_bwop,0_1,9412.280554,3593851.0,3593887.0
1b,mixed,mem,ns_l_bwop,0_11,9621.48456,3952431.0,3952472.0
1b,mixed,mem,ns_l_bwop,0_12,9862.815926,4311893.0,4311936.0
1b,mixed,mem,ns_l_bwop,0_13,10128.806252,4671493.0,4671519.0
1b,mixed,mem,ns_l_bwop,0_14,10436.305254,5031859.0,5031914.0
1b,mixed,mem,ns_l_bwop,0_15,10783.708956,5392264.0,5392329.0
1b,mixed,mem,ns_l_bwop,0_16,11185.336753,5751414.0,5751473.0
1b,mixed,mem,ns_l_bwop,0_17,11665.718216,6110991.0,6111058.0
1b,mixed,mem,ns_l_bwop,0_18,12234.045635,6469614.0,6469692.0
1b,mixed,mem,ns_l_bwop,0_19,12943.290518,6828301.0,6828361.0
1b,mixed,mem,ns_l_bwop,0_2,13852.184964,7187610.0,7187721.0
1b,mixed,mem,ns_l_bwop,0_21,15116.427892,7548080.0,7548197.0
1b,mixed,mem,ns_l_bwop,0_22,17034.876272,7906916.0,7907032.0
1b,mixed,mem,ns_l_bwop,0_23,20777.848028,8265791.0,8265920.0
1b,mixed,mem,ns_l_bwop,0_24,48375.728713,8625001.0,8625175.0
1b,mixed,mem,ns_l_bwop,0_25,6069497.192995,8872082.0,8872292.0
1b,mixed,mem,ns_l_bwop,0_26,14087510.628273,9052116.0,9052366.0
1b,mixed,mem,ns_l_bwop,0_27,22974811.743573,9206021.0,9206311.0
1b,mixed,mem,ns_l_bwop,0_28,30709693.429911,9363584.0,9363869.0
1b,mixed,mem,ns_l_bwop,0_29,37798375.004691,9518030.0,9518328.0
1b,mixed,mem,mesh,0_01
1b,mixed,mem,mesh,0_02
1b,mixed,mem,mesh,0_03
1b,mixed,mem,mesh,0_04
1b,mixed,mem,mesh,0_05
1b,mixed,mem,mesh,0_06
1b,mixed,mem,mesh,0_07
1b,mixed,mem,mesh,0_08
1b,mixed,mem,mesh,0_09
1b,mixed,mem,mesh,0_1
1b,mixed,mem,mesh,0_11
1b,mixed,mem,mesh,0_12
1b,mixed,mem,mesh,0_13
1b,mixed,mem,mesh,0_14
1b,mixed,mem,mesh,0_15
1b,mixed,mem,mesh,0_16
1b,mixed,mem,mesh,0_17
1b,mixed,mem,mesh,0_18
1b,mixed,mem,mesh,0_19
1b,mixed,mem,ns_l_memopt,0_01
1b,mixed,mem,ns_l_memopt,0_02
1b,mixed,mem,ns_l_memopt,0_03
1b,mixed,mem,ns_l_memopt,0_04
1b,mixed,mem,ns_l_memopt,0_05
1b,mixed,mem,ns_l_memopt,0_06
1b,mixed,mem,ns_l_memopt,0_07
1b,mixed,mem,ns_l_memopt,0_08
1b,mixed,mem,ns_l_memopt,0_09
1b,mixed,mem,ns_l_memopt,0_1
1b,mixed,mem,ns_l_memopt,0_11
1b,mixed,mem,ns_l_memopt,0_12
1b,mixed,mem,ns_l_memopt,0_13
1b,mixed,mem,ns_l_memopt,0_14
1b,mixed,mem,ns_l_memopt,0_15
1b,mixed,mem,ns_l_memopt,0_16
1b,mixed,mem,ns_l_memopt,0_17
1b,mixed,mem,ns_l_memopt,0_18
1b,mixed,mem,ns_l_memopt,0_19
1b,mixed,mem,kite_small,0_01,7827.587486,359871.0,359872.0
1b,mixed,mem,kite_small,0_02,7944.052964,719813.0,719818.0
1b,mixed,mem,kite_small,0_03,8077.637712,1079452.0,1079458.0
1b,mixed,mem,kite_small,0_04,8215.132385,1438058.0,1438068.0
1b,mixed,mem,kite_small,0_05,8363.881043,1796351.0,1796367.0
1b,mixed,mem,kite_small,0_06,8520.945988,2155392.0,2155407.0
1b,mixed,mem,kite_small,0_07,8691.248646,2515140.0,2515163.0
1b,mixed,mem,kite_small,0_08,8872.573894,2874592.0,2874616.0
1b,mixed,mem,kite_small,0_09,9073.865975,3234007.0,3234032.0
1b,mixed,mem,kite_small,0_1,9297.207676,3593849.0,3593887.0
1b,mixed,mem,kite_small,0_11,9542.032024,3952427.0,3952472.0
1b,mixed,mem,kite_small,0_12,9818.558502,4311895.0,4311936.0
1b,mixed,mem,kite_small,0_13,10137.813549,4671493.0,4671519.0
1b,mixed,mem,kite_small,0_14,10505.321514,5031854.0,5031914.0
1b,mixed,mem,kite_small,0_15,10946.943947,5392266.0,5392330.0
1b,mixed,mem,kite_small,0_16,11459.119749,5751417.0,5751475.0
1b,mixed,mem,kite_small,0_17,12131.94077,6110996.0,6111059.0
1b,mixed,mem,kite_small,0_18,13066.500603,6469604.0,6469690.0
1b,mixed,mem,kite_small,0_19,14671.023418,6828281.0,6828363.0
1b,mixed,mem,kite_small,0_2,22401.735258,7187530.0,7187679.0
1b,mixed,mem,kite_small,0_21,4161189.119258,7480976.0,7481127.0
1b,mixed,mem,kite_small,0_22,10056951.586286,7696497.0,7696665.0
1b,mixed,mem,kite_small,0_23,13821681.045251,7915193.0,7915375.0
1b,mixed,mem,kite_small,0_24,19718276.915922,8109904.0,8110120.0
1b,mixed,mem,kite_small,0_25,29165020.083662,8226772.0,8227032.0
1b,mixed,mem,kite_small,0_26,40863879.794532,8300146.0,8300399.0
1b,mixed,mem,kite_small,0_27,51035751.976366,8376733.0,8377022.0
1b,mixed,mem,kite_small,0_28,59560123.749559,8447205.0,8447499.0
1b,mixed,mem,kite_small,0_29,67478397.627171,8513462.0,8513751.0
1b,mixed,mem,ft_x,0_01,9038.657793,359870.0,359872.0
1b,mixed,mem,ft_x,0_02,9146.905338,719813.0,719818.0
1b,mixed,mem,ft_x,0_03,9267.078728,1079451.0,1079458.0
1b,mixed,mem,ft_x,0_04,9394.559938,1438058.0,1438068.0
1b,mixed,mem,ft_x,0_05,9533.505868,1796351.0,1796367.0
1b,mixed,mem,ft_x,0_06,9678.239752,2155392.0,2155407.0
1b,mixed,mem,ft_x,0_07,9837.963375,2515139.0,2515163.0
1b,mixed,mem,ft_x,0_08,10007.453785,2874590.0,2874616.0
1b,mixed,mem,ft_x,0_09,10194.474215,3234003.0,3234032.0
1b,mixed,mem,ft_x,0_1,10403.052233,3593848.0,3593887.0
1b,mixed,mem,ft_x,0_11,10629.326368,3952424.0,3952472.0
1b,mixed,mem,ft_x,0_12,10885.888425,4311891.0,4311937.0
1b,mixed,mem,ft_x,0_13,11173.047381,4671490.0,4671519.0
1b,mixed,mem,ft_x,0_14,11511.542285,5031853.0,5031915.0
1b,mixed,mem,ft_x,0_15,11899.629678,5392263.0,5392329.0
1b,mixed,mem,ft_x,0_16,12352.128394,5751407.0,5751473.0
1b,mixed,mem,ft_x,0_17,12891.876341,6110986.0,6111059.0
1b,mixed,mem,ft_x,0_18,13557.359553,6469601.0,6469691.0
1b,mixed,mem,ft_x,0_19,14425.122167,6828278.0,6828362.0
1b,mixed,mem,ft_x,0_2,15580.256069,7187584.0,7187719.0
1b,mixed,mem,ft_x,0_21,17318.631666,7548071.0,7548193.0
1b,mixed,mem,ft_x,0_22,20560.979299,7906907.0,7907041.0
1b,mixed,mem,ft_x,0_23,213782.201723,8263240.0,8263408.0
1b,mixed,mem,ft_x,0_24,3614627.102779,8551110.0,8551341.0
1b,mixed,mem,ft_x,0_25,10279411.628159,8753945.0,8754170.0
1b,mixed,mem,ft_x,0_26,18152323.697056,8927511.0,8927767.0
1b,mixed,mem,ft_x,0_27,26050574.716031,9087500.0,9087768.0
1b,mixed,mem,ft_x,0_28,33550284.765089,9243443.0,9243738.0
1b,mixed,mem,ft_x,0_29,40303855.348266,9398781.0,9399067.0
1b,mixed,mem,dbl_bfly_x,0_01,9239.419444,359869.0,359872.0
1b,mixed,mem,dbl_bfly_x,0_02,9349.64379,719812.0,719818.0
1b,mixed,mem,dbl_bfly_x,0_03,9482.448213,1079452.0,1079458.0
1b,mixed,mem,dbl_bfly_x,0_04,9632.807281,1438057.0,1438068.0
1b,mixed,mem,dbl_bfly_x,0_05,9797.250469,1796347.0,1796367.0
1b,mixed,mem,dbl_bfly_x,0_06,9979.219061,2155386.0,2155407.0
1b,mixed,mem,dbl_bfly_x,0_07,10183.599983,2515134.0,2515163.0
1b,mixed,mem,dbl_bfly_x,0_08,10407.335428,2874588.0,2874616.0
1b,mixed,mem,dbl_bfly_x,0_09,10656.117286,3234003.0,3234032.0
1b,mixed,mem,dbl_bfly_x,0_1,10941.824427,3593847.0,3593887.0
1b,mixed,mem,dbl_bfly_x,0_11,11258.33437,3952427.0,3952472.0
1b,mixed,mem,dbl_bfly_x,0_12,11626.538699,4311888.0,4311936.0
1b,mixed,mem,dbl_bfly_x,0_13,12056.547702,4671486.0,4671519.0
1b,mixed,mem,dbl_bfly_x,0_14,12578.827106,5031846.0,5031915.0
1b,mixed,mem,dbl_bfly_x,0_15,13234.398117,5392250.0,5392329.0
1b,mixed,mem,dbl_bfly_x,0_16,14115.60353,5751388.0,5751473.0
1b,mixed,mem,dbl_bfly_x,0_17,15820.912284,6110972.0,6111058.0
1b,mixed,mem,dbl_bfly_x,0_18,100002.597241,6468851.0,6468954.0
1b,mixed,mem,dbl_bfly_x,0_19,3732966.903063,6754334.0,6754458.0
1b,mixed,mem,dbl_bfly_x,0_2,7278072.12708,7014336.0,7014487.0
1b,mixed,mem,dbl_bfly_x,0_21,11109724.642113,7264338.0,7264517.0
1b,mixed,mem,dbl_bfly_x,0_22,14684850.500836,7514096.0,7514279.0
1b,mixed,mem,dbl_bfly_x,0_23,21193350.261175,7715850.0,7716074.0
1b,mixed,mem,dbl_bfly_x,0_24,29284950.814111,7875131.0,7875328.0
1b,mixed,mem,dbl_bfly_x,0_25,36135551.40933,8034030.0,8034268.0
1b,mixed,mem,dbl_bfly_x,0_26,41336655.476058,8190130.0,8190342.0
1b,mixed,mem,dbl_bfly_x,0_27,46776824.4239,8351503.0,8351769.0
1b,mixed,mem,dbl_bfly_x,0_28,54818830.012951,8457705.0,8458006.0
1b,mixed,mem,dbl_bfly_x,0_29,63253971.407139,8530850.0,8531115.0
1b,mixed,mem,cmesh_x,0_01
1b,mixed,mem,cmesh_x,0_02
1b,mixed,mem,cmesh_x,0_03
1b,mixed,mem,cmesh_x,0_04
1b,mixed,mem,cmesh_x,0_05
1b,mixed,mem,cmesh_x,0_06
1b,mixed,mem,cmesh_x,0_07
1b,mixed,mem,cmesh_x,0_08
1b,mixed,mem,cmesh_x,0_09
1b,mixed,mem,cmesh_x,0_1
1b,mixed,mem,cmesh_x,0_11
1b,mixed,mem,cmesh_x,0_12
1b,mixed,mem,cmesh_x,0_13
1b,mixed,mem,cmesh_x,0_14
1b,mixed,mem,cmesh_x,0_15
1b,mixed,mem,cmesh_x,0_16
1b,mixed,mem,cmesh_x,0_17
1b,mixed,mem,cmesh_x,0_18
1b,mixed,mem,cmesh_x,0_19
1b,mixed,mem,butter_donut_x,0_01,8621.845511,359870.0,359872.0
1b,mixed,mem,butter_donut_x,0_02,8713.460781,719812.0,719818.0
1b,mixed,mem,butter_donut_x,0_03,8819.858865,1079452.0,1079458.0
1b,mixed,mem,butter_donut_x,0_04,8939.562274,1438058.0,1438068.0
1b,mixed,mem,butter_donut_x,0_05,9068.293299,1796350.0,1796367.0
1b,mixed,mem,butter_donut_x,0_06,9210.609505,2155391.0,2155407.0
1b,mixed,mem,butter_donut_x,0_07,9367.266049,2515138.0,2515163.0
1b,mixed,mem,butter_donut_x,0_08,9535.909726,2874591.0,2874616.0
1b,mixed,mem,butter_donut_x,0_09,9723.860454,3234004.0,3234032.0
1b,mixed,mem,butter_donut_x,0_1,9931.798611,3593847.0,3593887.0
1b,mixed,mem,butter_donut_x,0_11,10159.910676,3952432.0,3952472.0
1b,mixed,mem,butter_donut_x,0_12,10416.468349,4311897.0,4311937.0
1b,mixed,mem,butter_donut_x,0_13,10701.006953,4671490.0,4671519.0
1b,mixed,mem,butter_donut_x,0_14,11034.713733,5031854.0,5031916.0
1b,mixed,mem,butter_donut_x,0_15,11420.108295,5392258.0,5392330.0
1b,mixed,mem,butter_donut_x,0_16,11862.770167,5751414.0,5751473.0
1b,mixed,mem,butter_donut_x,0_17,12386.956531,6110988.0,6111059.0
1b,mixed,mem,butter_donut_x,0_18,13032.8534,6469602.0,6469692.0
1b,mixed,mem,butter_donut_x,0_19,13870.748713,6828292.0,6828363.0
1b,mixed,mem,butter_donut_x,0_2,14976.916999,7187603.0,7187720.0
1b,mixed,mem,butter_donut_x,0_21,16879.903002,7548072.0,7548195.0
1b,mixed,mem,butter_donut_x,0_22,23721.425526,7906910.0,7907040.0
1b,mixed,mem,butter_donut_x,0_23,2290756.820734,8221705.0,8221857.0
1b,mixed,mem,butter_donut_x,0_24,6520019.896389,8483894.0,8484102.0
1b,mixed,mem,butter_donut_x,0_25,11021328.308802,8725702.0,8725911.0
1b,mixed,mem,butter_donut_x,0_26,17267346.1393,8926637.0,8926874.0
1b,mixed,mem,butter_donut_x,0_27,24379259.483188,9099301.0,9099543.0
1b,mixed,mem,butter_donut_x,0_28,31638166.557351,9259313.0,9259546.0
1b,mixed,mem,butter_donut_x,0_29,38270768.493238,9416824.0,9417121.0
1b,mixed,coh,lpbt_s_power,0_01,8127.348965,359870.0,359872.0
1b,mixed,coh,lpbt_s_power,0_02,8258.034351,719813.0,719818.0
1b,mixed,coh,lpbt_s_power,0_03,8399.379011,1079452.0,1079458.0
1b,mixed,coh,lpbt_s_power,0_04,8547.745003,1438058.0,1438068.0
1b,mixed,coh,lpbt_s_power,0_05,8700.261134,1796350.0,1796367.0
1b,mixed,coh,lpbt_s_power,0_06,8872.229443,2155391.0,2155407.0
1b,mixed,coh,lpbt_s_power,0_07,9058.753981,2515139.0,2515163.0
1b,mixed,coh,lpbt_s_power,0_08,9260.029313,2874594.0,2874616.0
1b,mixed,coh,lpbt_s_power,0_09,9486.753879,3234007.0,3234032.0
1b,mixed,coh,lpbt_s_power,0_1,9750.247827,3593848.0,3593887.0
1b,mixed,coh,lpbt_s_power,0_11,10042.576577,3952429.0,3952472.0
1b,mixed,coh,lpbt_s_power,0_12,10416.881544,4311891.0,4311937.0
1b,mixed,coh,lpbt_s_power,0_13,10915.10282,4671490.0,4671519.0
1b,mixed,coh,lpbt_s_power,0_14,11741.650248,5031853.0,5031914.0
1b,mixed,coh,lpbt_s_power,0_15,16344.221408,5392244.0,5392329.0
1b,mixed,coh,lpbt_s_power,0_16,6385568.511556,5671418.0,5671634.0
1b,mixed,coh,lpbt_s_power,0_17,16172681.394208,5842929.0,5843106.0
1b,mixed,coh,lpbt_s_power,0_18,28171033.254694,5966362.0,5966587.0
1b,mixed,coh,lpbt_s_power,0_19,40077470.08581,6078995.0,6079256.0
1b,mixed,coh,lpbt_s_power,0_2,52985618.045829,6165883.0,6166215.0
1b,mixed,coh,lpbt_s_power,0_21,64575624.803825,6253548.0,6253856.0
1b,mixed,coh,lpbt_s_power,0_22,76664435.96858,6310175.0,6310485.0
1b,mixed,coh,lpbt_s_power,0_23,87030209.988655,6384608.0,6384905.0
1b,mixed,coh,lpbt_s_power,0_24,99143543.136882,6423193.0,6423502.0
1b,mixed,coh,lpbt_s_power,0_25,109751306.611075,6434886.0,6435244.0
1b,mixed,coh,lpbt_s_power,0_26,121411891.306785,6460325.0,6460676.0
1b,mixed,coh,lpbt_s_power,0_27,128812218.538215,6506485.0,6506816.0
1b,mixed,coh,lpbt_s_power,0_28,144340454.135745,6502341.0,6502663.0
1b,mixed,coh,lpbt_s_power,0_29,155423013.309762,6502176.0,6502500.0
1b,mixed,coh,lpbt_s_latop,0_01,8190.084914,359869.0,359872.0
1b,mixed,coh,lpbt_s_latop,0_02,8325.082949,719812.0,719818.0
1b,mixed,coh,lpbt_s_latop,0_03,8470.78196,1079452.0,1079458.0
1b,mixed,coh,lpbt_s_latop,0_04,8627.516186,1438058.0,1438068.0
1b,mixed,coh,lpbt_s_latop,0_05,8785.128335,1796349.0,1796367.0
1b,mixed,coh,lpbt_s_latop,0_06,8962.924065,2155391.0,2155407.0
1b,mixed,coh,lpbt_s_latop,0_07,9153.464822,2515137.0,2515163.0
1b,mixed,coh,lpbt_s_latop,0_08,9362.554658,2874592.0,2874616.0
1b,mixed,coh,lpbt_s_latop,0_09,9589.099435,3234007.0,3234032.0
1b,mixed,coh,lpbt_s_latop,0_1,9847.576032,3593847.0,3593887.0
1b,mixed,coh,lpbt_s_latop,0_11,10140.70805,3952430.0,3952472.0
1b,mixed,coh,lpbt_s_latop,0_12,10477.815967,4311895.0,4311937.0
1b,mixed,coh,lpbt_s_latop,0_13,10888.259888,4671487.0,4671519.0
1b,mixed,coh,lpbt_s_latop,0_14,11376.20394,5031855.0,5031914.0
1b,mixed,coh,lpbt_s_latop,0_15,11983.661549,5392253.0,5392329.0
1b,mixed,coh,lpbt_s_latop,0_16,12913.20546,5751356.0,5751474.0
1b,mixed,coh,lpbt_s_latop,0_17,14823.182472,6110871.0,6111058.0
1b,mixed,coh,lpbt_s_latop,0_18,60175.271535,6469513.0,6469669.0
1b,mixed,coh,lpbt_s_latop,0_19,276563.458861,4219613.0,4219830.0
1b,mixed,coh,lpbt_s_latop,0_2,27645865.652864,6484366.0,6484649.0
1b,mixed,coh,lpbt_s_latop,0_21,5534297.989612,4969939.0,4970120.0
1b,mixed,coh,lpbt_s_latop,0_22,328497.060602,5413188.0,5413348.0
1b,mixed,coh,lpbt_s_latop,0_23,2177146.77215,1722943.0,1723277.0
1b,mixed,coh,lpbt_s_latop,0_24,12962050.604408,1861917.0,1862260.0
1b,mixed,coh,lpbt_s_latop,0_25,330310.698846,5887876.0,5888117.0
1b,mixed,coh,lpbt_s_latop,0_26,30894844.307679,6096080.0,6096299.0
1b,mixed,coh,lpbt_s_latop,0_27,5018150.049272,2284454.0,2284759.0
1b,mixed,coh,lpbt_s_latop,0_28,693786.184045,1624882.0,1625195.0
1b,mixed,coh,lpbt_s_latop,0_29,6285686.461868,1354734.0,1355082.0
1b,mixed,coh,lpbt_m_latop,0_01,9114.874305,359870.0,359872.0
1b,mixed,coh,lpbt_m_latop,0_02,9208.323429,719812.0,719818.0
1b,mixed,coh,lpbt_m_latop,0_03,9314.578454,1079450.0,1079458.0
1b,mixed,coh,lpbt_m_latop,0_04,9423.716671,1438058.0,1438068.0
1b,mixed,coh,lpbt_m_latop,0_05,9533.717577,1796351.0,1796367.0
1b,mixed,coh,lpbt_m_latop,0_06,9654.511793,2155389.0,2155407.0
1b,mixed,coh,lpbt_m_latop,0_07,9784.409893,2515136.0,2515163.0
1b,mixed,coh,lpbt_m_latop,0_08,9919.194975,2874589.0,2874616.0
1b,mixed,coh,lpbt_m_latop,0_09,10061.561439,3234004.0,3234032.0
1b,mixed,coh,lpbt_m_latop,0_1,10222.662112,3593847.0,3593887.0
1b,mixed,coh,lpbt_m_latop,0_11,10387.484186,3952431.0,3952472.0
1b,mixed,coh,lpbt_m_latop,0_12,10572.996543,4311892.0,4311936.0
1b,mixed,coh,lpbt_m_latop,0_13,10775.813752,4671488.0,4671519.0
1b,mixed,coh,lpbt_m_latop,0_14,10999.869759,5031857.0,5031916.0
1b,mixed,coh,lpbt_m_latop,0_15,11246.364086,5392260.0,5392328.0
1b,mixed,coh,lpbt_m_latop,0_16,11518.703666,5751415.0,5751475.0
1b,mixed,coh,lpbt_m_latop,0_17,11834.574327,6110991.0,6111059.0
1b,mixed,coh,lpbt_m_latop,0_18,12182.062839,6469607.0,6469693.0
1b,mixed,coh,lpbt_m_latop,0_19,12599.445539,6828294.0,6828363.0
1b,mixed,coh,lpbt_m_latop,0_2,13090.683962,7187613.0,7187720.0
1b,mixed,coh,lpbt_m_latop,0_21,13685.583585,7548092.0,7548199.0
1b,mixed,coh,lpbt_m_latop,0_22,14426.436936,7906945.0,7907040.0
1b,mixed,coh,lpbt_m_latop,0_23,15472.672173,8265814.0,8265926.0
1b,mixed,coh,lpbt_m_latop,0_24,17221.113829,8625446.0,8625576.0
1b,mixed,coh,lpbt_m_latop,0_25,25537.115475,8986005.0,8986141.0
1b,mixed,coh,lpbt_m_latop,0_26,1071243.065962,9322577.0,9322739.0
1b,mixed,coh,lpbt_m_latop,0_27,2890751.261141,9636747.0,9636934.0
1b,mixed,coh,lpbt_m_latop,0_28,6417014.331934,9911946.0,9912153.0
1b,mixed,coh,lpbt_m_latop,0_29,11551777.550531,10143723.0,10143926.0
1b,mixed,coh,ns_s_memopt,0_01
1b,mixed,coh,ns_s_memopt,0_02
1b,mixed,coh,ns_s_memopt,0_03
1b,mixed,coh,ns_s_memopt,0_04
1b,mixed,coh,ns_s_memopt,0_05
1b,mixed,coh,ns_s_memopt,0_06
1b,mixed,coh,ns_s_memopt,0_07
1b,mixed,coh,ns_s_memopt,0_08
1b,mixed,coh,ns_s_memopt,0_09
1b,mixed,coh,ns_s_memopt,0_1
1b,mixed,coh,ns_s_memopt,0_11
1b,mixed,coh,ns_s_memopt,0_12
1b,mixed,coh,ns_s_memopt,0_13
1b,mixed,coh,ns_s_memopt,0_14
1b,mixed,coh,ns_s_memopt,0_15
1b,mixed,coh,ns_s_memopt,0_16
1b,mixed,coh,ns_s_memopt,0_17
1b,mixed,coh,ns_s_memopt,0_18
1b,mixed,coh,ns_s_memopt,0_19
1b,mixed,coh,ns_s_latop,0_01,7578.931836,359870.0,359872.0
1b,mixed,coh,ns_s_latop,0_02,7683.333221,719813.0,719818.0
1b,mixed,coh,ns_s_latop,0_03,7790.389005,1079452.0,1079458.0
1b,mixed,coh,ns_s_latop,0_04,7904.344233,1438060.0,1438068.0
1b,mixed,coh,ns_s_latop,0_05,8018.574571,1796352.0,1796367.0
1b,mixed,coh,ns_s_latop,0_06,8143.691082,2155392.0,2155407.0
1b,mixed,coh,ns_s_latop,0_07,8275.706962,2515139.0,2515163.0
1b,mixed,coh,ns_s_latop,0_08,8411.128512,2874595.0,2874616.0
1b,mixed,coh,ns_s_latop,0_09,8556.207991,3234008.0,3234032.0
1b,mixed,coh,ns_s_latop,0_1,8712.530184,3593851.0,3593887.0
1b,mixed,coh,ns_s_latop,0_11,8878.774469,3952433.0,3952472.0
1b,mixed,coh,ns_s_latop,0_12,9058.855816,4311900.0,4311937.0
1b,mixed,coh,ns_s_latop,0_13,9254.471312,4671495.0,4671519.0
1b,mixed,coh,ns_s_latop,0_14,9470.01955,5031864.0,5031916.0
1b,mixed,coh,ns_s_latop,0_15,9707.157504,5392270.0,5392329.0
1b,mixed,coh,ns_s_latop,0_16,9963.652007,5751419.0,5751475.0
1b,mixed,coh,ns_s_latop,0_17,10258.863616,6110996.0,6111059.0
1b,mixed,coh,ns_s_latop,0_18,10582.160184,6469619.0,6469693.0
1b,mixed,coh,ns_s_latop,0_19,10958.685603,6828308.0,6828363.0
1b,mixed,coh,ns_s_latop,0_2,11393.439446,7187622.0,7187722.0
1b,mixed,coh,ns_s_latop,0_21,11897.542234,7548102.0,7548200.0
1b,mixed,coh,ns_s_latop,0_22,12510.276033,7906957.0,7907042.0
1b,mixed,coh,ns_s_latop,0_23,13261.564881,8265830.0,8265934.0
1b,mixed,coh,ns_s_latop,0_24,14237.764273,8625473.0,8625586.0
1b,mixed,coh,ns_s_latop,0_25,16670.84861,8985965.0,8986137.0
1b,mixed,coh,ns_s_latop,0_26,19117.613312,9343789.0,9343969.0
1b,mixed,coh,ns_s_latop,0_27,320221.924789,9695862.0,9696079.0
1b,mixed,coh,ns_s_latop,0_28,2333775.396009,10011883.0,10012115.0
1b,mixed,coh,ns_s_latop,0_29,7745023.829785,10250920.0,10251160.0
1b,mixed,coh,ns_s_bwop,0_01,7600.822975,359870.0,359872.0
1b,mixed,coh,ns_s_bwop,0_02,7702.398162,719813.0,719818.0
1b,mixed,coh,ns_s_bwop,0_03,7808.460967,1079452.0,1079458.0
1b,mixed,coh,ns_s_bwop,0_04,7923.22734,1438060.0,1438068.0
1b,mixed,coh,ns_s_bwop,0_05,8036.818383,1796352.0,1796367.0
1b,mixed,coh,ns_s_bwop,0_06,8156.312695,2155392.0,2155407.0
1b,mixed,coh,ns_s_bwop,0_07,8287.820902,2515139.0,2515163.0
1b,mixed,coh,ns_s_bwop,0_08,8421.670983,2874595.0,2874616.0
1b,mixed,coh,ns_s_bwop,0_09,8562.19022,3234008.0,3234032.0
1b,mixed,coh,ns_s_bwop,0_1,8715.407043,3593852.0,3593887.0
1b,mixed,coh,ns_s_bwop,0_11,8877.249571,3952432.0,3952472.0
1b,mixed,coh,ns_s_bwop,0_12,9054.289599,4311900.0,4311936.0
1b,mixed,coh,ns_s_bwop,0_13,9241.666888,4671494.0,4671519.0
1b,mixed,coh,ns_s_bwop,0_14,9454.98505,5031856.0,5031916.0
1b,mixed,coh,ns_s_bwop,0_15,9681.282078,5392266.0,5392329.0
1b,mixed,coh,ns_s_bwop,0_16,9932.23758,5751422.0,5751475.0
1b,mixed,coh,ns_s_bwop,0_17,10212.993689,6110997.0,6111059.0
1b,mixed,coh,ns_s_bwop,0_18,10520.369828,6469620.0,6469693.0
1b,mixed,coh,ns_s_bwop,0_19,10880.835749,6828310.0,6828362.0
1b,mixed,coh,ns_s_bwop,0_2,11296.22016,7187636.0,7187721.0
1b,mixed,coh,ns_s_bwop,0_21,11778.177574,7548105.0,7548200.0
1b,mixed,coh,ns_s_bwop,0_22,12346.341882,7906964.0,7907042.0
1b,mixed,coh,ns_s_bwop,0_23,13049.891388,8265837.0,8265932.0
1b,mixed,coh,ns_s_bwop,0_24,13937.700392,8625476.0,8625586.0
1b,mixed,coh,ns_s_bwop,0_25,15105.316239,8986030.0,8986147.0
1b,mixed,coh,ns_s_bwop,0_26,17690.988751,9343844.0,9343974.0
1b,mixed,coh,ns_s_bwop,0_27,20068.068992,9701571.0,9701763.0
1b,mixed,coh,ns_s_bwop,0_28,214681.366535,10058341.0,10058527.0
1b,mixed,coh,ns_s_bwop,0_29,3847110.891418,10341133.0,10341347.0
1b,mixed,coh,ns_m_memopt,0_01
1b,mixed,coh,ns_m_memopt,0_02
1b,mixed,coh,ns_m_memopt,0_03
1b,mixed,coh,ns_m_memopt,0_04
1b,mixed,coh,ns_m_memopt,0_05
1b,mixed,coh,ns_m_memopt,0_06
1b,mixed,coh,ns_m_memopt,0_07
1b,mixed,coh,ns_m_memopt,0_08
1b,mixed,coh,ns_m_memopt,0_09
1b,mixed,coh,ns_m_memopt,0_1
1b,mixed,coh,ns_m_memopt,0_11
1b,mixed,coh,ns_m_memopt,0_12
1b,mixed,coh,ns_m_memopt,0_13
1b,mixed,coh,ns_m_memopt,0_14
1b,mixed,coh,ns_m_memopt,0_15
1b,mixed,coh,ns_m_memopt,0_16
1b,mixed,coh,ns_m_memopt,0_17
1b,mixed,coh,ns_m_memopt,0_18
1b,mixed,coh,ns_m_memopt,0_19
1b,mixed,coh,ns_m_latop,0_01,8611.772095,359870.0,359872.0
1b,mixed,coh,ns_m_latop,0_02,8695.841298,719813.0,719818.0
1b,mixed,coh,ns_m_latop,0_03,8791.183963,1079451.0,1079458.0
1b,mixed,coh,ns_m_latop,0_04,8889.121421,1438058.0,1438068.0
1b,mixed,coh,ns_m_latop,0_05,8986.847381,1796351.0,1796367.0
1b,mixed,coh,ns_m_latop,0_06,9095.304416,2155391.0,2155407.0
1b,mixed,coh,ns_m_latop,0_07,9210.282274,2515137.0,2515163.0
1b,mixed,coh,ns_m_latop,0_08,9329.759112,2874591.0,2874616.0
1b,mixed,coh,ns_m_latop,0_09,9455.853999,3234005.0,3234032.0
1b,mixed,coh,ns_m_latop,0_1,9593.60634,3593849.0,3593887.0
1b,mixed,coh,ns_m_latop,0_11,9737.814451,3952431.0,3952472.0
1b,mixed,coh,ns_m_latop,0_12,9897.515339,4311893.0,4311936.0
1b,mixed,coh,ns_m_latop,0_13,10066.881929,4671484.0,4671519.0
1b,mixed,coh,ns_m_latop,0_14,10256.224923,5031857.0,5031914.0
1b,mixed,coh,ns_m_latop,0_15,10462.19264,5392264.0,5392329.0
1b,mixed,coh,ns_m_latop,0_16,10685.598811,5751419.0,5751474.0
1b,mixed,coh,ns_m_latop,0_17,10940.117219,6110994.0,6111058.0
1b,mixed,coh,ns_m_latop,0_18,11219.899269,6469611.0,6469693.0
1b,mixed,coh,ns_m_latop,0_19,11541.158982,6828308.0,6828361.0
1b,mixed,coh,ns_m_latop,0_2,11913.546221,7187625.0,7187719.0
1b,mixed,coh,ns_m_latop,0_21,12343.788242,7548096.0,7548193.0
1b,mixed,coh,ns_m_latop,0_22,12859.170374,7906955.0,7907041.0
1b,mixed,coh,ns_m_latop,0_23,13482.782079,8265839.0,8265931.0
1b,mixed,coh,ns_m_latop,0_24,14270.561167,8625475.0,8625583.0
1b,mixed,coh,ns_m_latop,0_25,15304.629205,8986026.0,8986142.0
1b,mixed,coh,ns_m_latop,0_26,16758.38043,9343870.0,9343985.0
1b,mixed,coh,ns_m_latop,0_27,19138.591194,9701628.0,9701779.0
1b,mixed,coh,ns_m_latop,0_28,23849.848409,10061508.0,10061674.0
1b,mixed,coh,ns_m_latop,0_29,3225426.677926,10338568.0,10338793.0
1b,mixed,coh,ns_m_bwop,0_01,8639.630033,359870.0,359872.0
1b,mixed,coh,ns_m_bwop,0_02,8727.619312,719812.0,719818.0
1b,mixed,coh,ns_m_bwop,0_03,8821.099545,1079450.0,1079458.0
1b,mixed,coh,ns_m_bwop,0_04,8918.555368,1438058.0,1438068.0
1b,mixed,coh,ns_m_bwop,0_05,9017.391383,1796351.0,1796367.0
1b,mixed,coh,ns_m_bwop,0_06,9125.510611,2155390.0,2155407.0
1b,mixed,coh,ns_m_bwop,0_07,9241.353797,2515137.0,2515163.0
1b,mixed,coh,ns_m_bwop,0_08,9361.433347,2874590.0,2874616.0
1b,mixed,coh,ns_m_bwop,0_09,9487.179765,3234004.0,3234032.0
1b,mixed,coh,ns_m_bwop,0_1,9624.913209,3593849.0,3593887.0
1b,mixed,coh,ns_m_bwop,0_11,9769.386217,3952433.0,3952472.0
1b,mixed,coh,ns_m_bwop,0_12,9928.677588,4311897.0,4311936.0
1b,mixed,coh,ns_m_bwop,0_13,10098.706331,4671490.0,4671519.0
1b,mixed,coh,ns_m_bwop,0_14,10289.589074,5031859.0,5031914.0
1b,mixed,coh,ns_m_bwop,0_15,10495.953964,5392264.0,5392329.0
1b,mixed,coh,ns_m_bwop,0_16,10720.333165,5751416.0,5751473.0
1b,mixed,coh,ns_m_bwop,0_17,10977.455713,6110995.0,6111059.0
1b,mixed,coh,ns_m_bwop,0_18,11258.341246,6469609.0,6469690.0
1b,mixed,coh,ns_m_bwop,0_19,11580.149777,6828308.0,6828363.0
1b,mixed,coh,ns_m_bwop,0_2,11955.775997,7187628.0,7187719.0
1b,mixed,coh,ns_m_bwop,0_21,12388.685269,7548092.0,7548196.0
1b,mixed,coh,ns_m_bwop,0_22,12908.22336,7906962.0,7907043.0
1b,mixed,coh,ns_m_bwop,0_23,13522.994316,8265833.0,8265932.0
1b,mixed,coh,ns_m_bwop,0_24,14316.105308,8625473.0,8625582.0
1b,mixed,coh,ns_m_bwop,0_25,15350.198433,8986039.0,8986150.0
1b,mixed,coh,ns_m_bwop,0_26,16810.053226,9343873.0,9343981.0
1b,mixed,coh,ns_m_bwop,0_27,19161.010154,9701609.0,9701781.0
1b,mixed,coh,ns_m_bwop,0_28,85757.447481,10057057.0,10057251.0
1b,mixed,coh,ns_m_bwop,0_29,2762813.192996,10352329.0,10352552.0
1b,mixed,coh,ns_l_memopt,0_01
1b,mixed,coh,ns_l_memopt,0_02
1b,mixed,coh,ns_l_memopt,0_03
1b,mixed,coh,ns_l_memopt,0_04
1b,mixed,coh,ns_l_memopt,0_05
1b,mixed,coh,ns_l_memopt,0_06
1b,mixed,coh,ns_l_memopt,0_07
1b,mixed,coh,ns_l_memopt,0_08
1b,mixed,coh,ns_l_memopt,0_09
1b,mixed,coh,ns_l_memopt,0_1
1b,mixed,coh,ns_l_memopt,0_11
1b,mixed,coh,ns_l_memopt,0_12
1b,mixed,coh,ns_l_memopt,0_13
1b,mixed,coh,ns_l_memopt,0_14
1b,mixed,coh,ns_l_memopt,0_15
1b,mixed,coh,ns_l_memopt,0_16
1b,mixed,coh,ns_l_memopt,0_17
1b,mixed,coh,ns_l_memopt,0_18
1b,mixed,coh,ns_l_memopt,0_19
1b,mixed,coh,ns_l_latop,0_01,8076.546929,359871.0,359872.0
1b,mixed,coh,ns_l_latop,0_02,8146.208882,719812.0,719818.0
1b,mixed,coh,ns_l_latop,0_03,8228.55915,1079452.0,1079458.0
1b,mixed,coh,ns_l_latop,0_04,8315.499517,1438060.0,1438068.0
1b,mixed,coh,ns_l_latop,0_05,8405.939326,1796352.0,1796367.0
1b,mixed,coh,ns_l_latop,0_06,8504.568769,2155392.0,2155407.0
1b,mixed,coh,ns_l_latop,0_07,8613.817409,2515139.0,2515163.0
1b,mixed,coh,ns_l_latop,0_08,8726.587029,2874592.0,2874616.0
1b,mixed,coh,ns_l_latop,0_09,8850.655826,3234006.0,3234032.0
1b,mixed,coh,ns_l_latop,0_1,8984.128595,3593850.0,3593887.0
1b,mixed,coh,ns_l_latop,0_11,9126.347202,3952432.0,3952472.0
1b,mixed,coh,ns_l_latop,0_12,9285.336772,4311899.0,4311938.0
1b,mixed,coh,ns_l_latop,0_13,9456.738178,4671492.0,4671519.0
1b,mixed,coh,ns_l_latop,0_14,9644.402903,5031857.0,5031915.0
1b,mixed,coh,ns_l_latop,0_15,9853.497693,5392263.0,5392328.0
1b,mixed,coh,ns_l_latop,0_16,10079.699125,5751421.0,5751472.0
1b,mixed,coh,ns_l_latop,0_17,10339.535965,6110993.0,6111059.0
1b,mixed,coh,ns_l_latop,0_18,10647.466333,6469601.0,6469691.0
1b,mixed,coh,ns_l_latop,0_19,10949.779462,6828313.0,6828363.0
1b,mixed,coh,ns_l_latop,0_2,11425.599874,7187622.0,7187720.0
1b,mixed,coh,ns_l_latop,0_21,11776.119957,7548092.0,7548195.0
1b,mixed,coh,ns_l_latop,0_22,12435.464771,7906932.0,7907032.0
1b,mixed,coh,ns_l_latop,0_23,13238.859102,8265826.0,8265923.0
1b,mixed,coh,ns_l_latop,0_24,14266.515961,8625466.0,8625580.0
1b,mixed,coh,ns_l_latop,0_25,15805.435461,8986016.0,8986138.0
1b,mixed,coh,ns_l_latop,0_26,18504.400719,9343857.0,9343973.0
1b,mixed,coh,ns_l_latop,0_27,24759.52457,9701542.0,9701731.0
1b,mixed,coh,ns_l_latop,0_28,507985.793671,10051166.0,10051337.0
1b,mixed,coh,ns_l_latop,0_29,2329457.989924,10372006.0,10372215.0
1b,mixed,coh,ns_l_bwop,0_01,8121.334271,359870.0,359872.0
1b,mixed,coh,ns_l_bwop,0_02,8192.563018,719813.0,719818.0
1b,mixed,coh,ns_l_bwop,0_03,8272.906178,1079452.0,1079458.0
1b,mixed,coh,ns_l_bwop,0_04,8362.173731,1438060.0,1438068.0
1b,mixed,coh,ns_l_bwop,0_05,8453.640165,1796351.0,1796367.0
1b,mixed,coh,ns_l_bwop,0_06,8551.477606,2155392.0,2155407.0
1b,mixed,coh,ns_l_bwop,0_07,8661.988351,2515138.0,2515163.0
1b,mixed,coh,ns_l_bwop,0_08,8776.732623,2874593.0,2874616.0
1b,mixed,coh,ns_l_bwop,0_09,8899.351811,3234006.0,3234032.0
1b,mixed,coh,ns_l_bwop,0_1,9035.619222,3593850.0,3593887.0
1b,mixed,coh,ns_l_bwop,0_11,9177.746822,3952432.0,3952472.0
1b,mixed,coh,ns_l_bwop,0_12,9337.184778,4311896.0,4311936.0
1b,mixed,coh,ns_l_bwop,0_13,9505.828248,4671492.0,4671519.0
1b,mixed,coh,ns_l_bwop,0_14,9697.306971,5031861.0,5031915.0
1b,mixed,coh,ns_l_bwop,0_15,9908.199867,5392268.0,5392329.0
1b,mixed,coh,ns_l_bwop,0_16,10135.066673,5751423.0,5751474.0
1b,mixed,coh,ns_l_bwop,0_17,10396.437549,6110993.0,6111059.0
1b,mixed,coh,ns_l_bwop,0_18,10681.250724,6469614.0,6469692.0
1b,mixed,coh,ns_l_bwop,0_19,11009.551152,6828315.0,6828363.0
1b,mixed,coh,ns_l_bwop,0_2,11394.226654,7187627.0,7187722.0
1b,mixed,coh,ns_l_bwop,0_21,11832.548663,7548101.0,7548198.0
1b,mixed,coh,ns_l_bwop,0_22,12357.094109,7906959.0,7907041.0
1b,mixed,coh,ns_l_bwop,0_23,13647.496769,8265802.0,8265930.0
1b,mixed,coh,ns_l_bwop,0_24,14209.531087,8625444.0,8625582.0
1b,mixed,coh,ns_l_bwop,0_25,14987.747359,8985976.0,8986129.0
1b,mixed,coh,ns_l_bwop,0_26,22331.652894,9343696.0,9343848.0
1b,mixed,coh,ns_l_bwop,0_27,439762.504821,9692342.0,9692533.0
1b,mixed,coh,ns_l_bwop,0_28,1552642.924271,10022223.0,10022418.0
1b,mixed,coh,ns_l_bwop,0_29,4216872.755653,10321716.0,10321928.0
1b,mixed,coh,mesh,0_01
1b,mixed,coh,mesh,0_02
1b,mixed,coh,mesh,0_03
1b,mixed,coh,mesh,0_04
1b,mixed,coh,mesh,0_05
1b,mixed,coh,mesh,0_06
1b,mixed,coh,mesh,0_07
1b,mixed,coh,mesh,0_08
1b,mixed,coh,mesh,0_09
1b,mixed,coh,mesh,0_1
1b,mixed,coh,mesh,0_11
1b,mixed,coh,mesh,0_12
1b,mixed,coh,mesh,0_13
1b,mixed,coh,mesh,0_14
1b,mixed,coh,mesh,0_15
1b,mixed,coh,mesh,0_16
1b,mixed,coh,mesh,0_17
1b,mixed,coh,mesh,0_18
1b,mixed,coh,mesh,0_19
1b,mixed,coh,kite_small,0_01,7625.104674,359871.0,359872.0
1b,mixed,coh,kite_small,0_02,7728.696842,719813.0,719818.0
1b,mixed,coh,kite_small,0_03,7838.059304,1079452.0,1079458.0
1b,mixed,coh,kite_small,0_04,7954.331883,1438060.0,1438068.0
1b,mixed,coh,kite_small,0_05,8067.761953,1796352.0,1796367.0
1b,mixed,coh,kite_small,0_06,8193.760091,2155391.0,2155407.0
1b,mixed,coh,kite_small,0_07,8326.189635,2515139.0,2515163.0
1b,mixed,coh,kite_small,0_08,8461.379425,2874595.0,2874616.0
1b,mixed,coh,kite_small,0_09,8605.942622,3234009.0,3234032.0
1b,mixed,coh,kite_small,0_1,8762.785374,3593849.0,3593887.0
1b,mixed,coh,kite_small,0_11,8927.551099,3952432.0,3952472.0
1b,mixed,coh,kite_small,0_12,9107.256003,4311895.0,4311937.0
1b,mixed,coh,kite_small,0_13,9300.999321,4671491.0,4671519.0
1b,mixed,coh,kite_small,0_14,9515.326329,5031859.0,5031914.0
1b,mixed,coh,kite_small,0_15,9746.789202,5392264.0,5392330.0
1b,mixed,coh,kite_small,0_16,10000.168332,5751422.0,5751475.0
1b,mixed,coh,kite_small,0_17,10292.321809,6110996.0,6111059.0
1b,mixed,coh,kite_small,0_18,10611.101631,6469621.0,6469694.0
1b,mixed,coh,kite_small,0_19,10975.349727,6828309.0,6828363.0
1b,mixed,coh,kite_small,0_2,11395.516629,7187629.0,7187721.0
1b,mixed,coh,kite_small,0_21,11883.40876,7548105.0,7548199.0
1b,mixed,coh,kite_small,0_22,12474.556162,7906965.0,7907043.0
1b,mixed,coh,kite_small,0_23,13188.621483,8265843.0,8265934.0
1b,mixed,coh,kite_small,0_24,14083.279932,8625478.0,8625587.0
1b,mixed,coh,kite_small,0_25,15286.489155,8986028.0,8986146.0
1b,mixed,coh,kite_small,0_26,18728.514938,9343813.0,9343976.0
1b,mixed,coh,kite_small,0_27,121305.863998,9700139.0,9700350.0
1b,mixed,coh,kite_small,0_28,1615823.07249,10026187.0,10026396.0
1b,mixed,coh,kite_small,0_29,6058545.986444,10286449.0,10286689.0
1b,mixed,coh,kite_medium,0_01,8916.826632,359870.0,359872.0
1b,mixed,coh,kite_medium,0_02,9008.145755,719813.0,719818.0
1b,mixed,coh,kite_medium,0_03,9108.051586,1079450.0,1079458.0
1b,mixed,coh,kite_medium,0_04,9211.755659,1438057.0,1438068.0
1b,mixed,coh,kite_medium,0_05,9315.848402,1796351.0,1796367.0
1b,mixed,coh,kite_medium,0_06,9430.044414,2155389.0,2155407.0
1b,mixed,coh,kite_medium,0_07,9551.064519,2515137.0,2515163.0
1b,mixed,coh,kite_medium,0_08,9677.976666,2874588.0,2874616.0
1b,mixed,coh,kite_medium,0_09,9810.389989,3234006.0,3234032.0
1b,mixed,coh,kite_medium,0_1,9956.129225,3593848.0,3593887.0
1b,mixed,coh,kite_medium,0_11,10110.832773,3952430.0,3952472.0
1b,mixed,coh,kite_medium,0_12,10280.171527,4311894.0,4311938.0
1b,mixed,coh,kite_medium,0_13,10462.749334,4671484.0,4671519.0
1b,mixed,coh,kite_medium,0_14,10665.548684,5031857.0,5031916.0
1b,mixed,coh,kite_medium,0_15,10885.889858,5392261.0,5392329.0
1b,mixed,coh,kite_medium,0_16,11129.713501,5751410.0,5751475.0
1b,mixed,coh,kite_medium,0_17,11406.397879,6110990.0,6111059.0
1b,mixed,coh,kite_medium,0_18,11713.366501,6469607.0,6469693.0
1b,mixed,coh,kite_medium,0_19,12061.132504,6828302.0,6828363.0
1b,mixed,coh,kite_medium,0_2,12472.65397,7187611.0,7187721.0
1b,mixed,coh,kite_medium,0_21,12950.420736,7548092.0,7548200.0
1b,mixed,coh,kite_medium,0_22,13525.015441,7906951.0,7907041.0
1b,mixed,coh,kite_medium,0_23,14226.812167,8265830.0,8265931.0
1b,mixed,coh,kite_medium,0_24,15142.173118,8625469.0,8625587.0
1b,mixed,coh,kite_medium,0_25,16370.863004,8986025.0,8986150.0
1b,mixed,coh,kite_medium,0_26,18196.409033,9343847.0,9343976.0
1b,mixed,coh,kite_medium,0_27,21539.137295,9701612.0,9701789.0
1b,mixed,coh,kite_medium,0_28,32545.204664,10061431.0,10061620.0
1b,mixed,coh,kite_medium,0_29,1615349.028383,10387530.0,10387751.0
1b,mixed,coh,kite_large,0_01,8483.192364,359870.0,359872.0
1b,mixed,coh,kite_large,0_02,8560.821013,719813.0,719818.0
1b,mixed,coh,kite_large,0_03,8652.460141,1079452.0,1079458.0
1b,mixed,coh,kite_large,0_04,8747.809938,1438058.0,1438068.0
1b,mixed,coh,kite_large,0_05,8850.820827,1796351.0,1796367.0
1b,mixed,coh,kite_large,0_06,8963.371685,2155389.0,2155407.0
1b,mixed,coh,kite_large,0_07,9085.520017,2515137.0,2515163.0
1b,mixed,coh,kite_large,0_08,9216.695479,2874590.0,2874616.0
1b,mixed,coh,kite_large,0_09,9355.978914,3234005.0,3234032.0
1b,mixed,coh,kite_large,0_1,9507.486923,3593849.0,3593887.0
1b,mixed,coh,kite_large,0_11,9667.753906,3952430.0,3952472.0
1b,mixed,coh,kite_large,0_12,9849.638763,4311898.0,4311936.0
1b,mixed,coh,kite_large,0_13,10040.289733,4671489.0,4671519.0
1b,mixed,coh,kite_large,0_14,10256.682216,5031858.0,5031915.0
1b,mixed,coh,kite_large,0_15,10491.042726,5392266.0,5392329.0
1b,mixed,coh,kite_large,0_16,10749.715477,5751417.0,5751474.0
1b,mixed,coh,kite_large,0_17,11040.876509,6110994.0,6111058.0
1b,mixed,coh,kite_large,0_18,11362.48446,6469611.0,6469693.0
1b,mixed,coh,kite_large,0_19,11735.775438,6828309.0,6828362.0
1b,mixed,coh,kite_large,0_2,12160.503665,7187621.0,7187721.0
1b,mixed,coh,kite_large,0_21,12660.53372,7548098.0,7548199.0
1b,mixed,coh,kite_large,0_22,13258.493068,7906960.0,7907042.0
1b,mixed,coh,kite_large,0_23,13984.865248,8265825.0,8265932.0
1b,mixed,coh,kite_large,0_24,15503.280603,8625417.0,8625578.0
1b,mixed,coh,kite_large,0_25,19232.042961,8985985.0,8986139.0
1b,mixed,coh,kite_large,0_26,191222.332665,9340717.0,9340885.0
1b,mixed,coh,kite_large,0_27,792507.415379,9685984.0,9686184.0
1b,mixed,coh,kite_large,0_28,1555018.700972,8875220.0,8875388.0
1b,mixed,coh,kite_large,0_29,8704758.89879,10229605.0,10229835.0
1b,mixed,coh,ft_x,0_01,9019.064073,359870.0,359872.0
1b,mixed,coh,ft_x,0_02,9107.81997,719813.0,719818.0
1b,mixed,coh,ft_x,0_03,9208.266536,1079450.0,1079458.0
1b,mixed,coh,ft_x,0_04,9311.060458,1438058.0,1438068.0
1b,mixed,coh,ft_x,0_05,9416.046252,1796350.0,1796367.0
1b,mixed,coh,ft_x,0_06,9527.993453,2155388.0,2155407.0
1b,mixed,coh,ft_x,0_07,9650.233457,2515136.0,2515163.0
1b,mixed,coh,ft_x,0_08,9775.881668,2874590.0,2874616.0
1b,mixed,coh,ft_x,0_09,9908.924296,3234003.0,3234032.0
1b,mixed,coh,ft_x,0_1,10054.157533,3593848.0,3593887.0
1b,mixed,coh,ft_x,0_11,10207.166405,3952431.0,3952472.0
1b,mixed,coh,ft_x,0_12,10372.697083,4311893.0,4311936.0
1b,mixed,coh,ft_x,0_13,10555.042797,4671486.0,4671519.0
1b,mixed,coh,ft_x,0_14,10754.366276,5031859.0,5031916.0
1b,mixed,coh,ft_x,0_15,10972.983579,5392261.0,5392329.0
1b,mixed,coh,ft_x,0_16,11211.202314,5751418.0,5751474.0
1b,mixed,coh,ft_x,0_17,11483.673331,6110989.0,6111058.0
1b,mixed,coh,ft_x,0_18,11782.852384,6469609.0,6469694.0
1b,mixed,coh,ft_x,0_19,12127.87336,6828304.0,6828363.0
1b,mixed,coh,ft_x,0_2,12525.550713,7187624.0,7187721.0
1b,mixed,coh,ft_x,0_21,12994.942107,7548092.0,7548196.0
1b,mixed,coh,ft_x,0_22,14102.168701,7906906.0,7907039.0
1b,mixed,coh,ft_x,0_23,14234.326757,8265821.0,8265934.0
1b,mixed,coh,ft_x,0_24,15108.74583,8625469.0,8625582.0
1b,mixed,coh,ft_x,0_25,19148.208126,8985788.0,8986054.0
1b,mixed,coh,ft_x,0_26,396238.915471,9336786.0,9337017.0
1b,mixed,coh,ft_x,0_27,3953381.599755,9616969.0,9617238.0
1b,mixed,coh,ft_x,0_28,8755126.859835,9867374.0,9867647.0
1b,mixed,coh,ft_x,0_29,15608622.073884,10066924.0,10067182.0
1b,mixed,coh,dbl_bfly_x,0_01,8892.86519,359870.0,359872.0
1b,mixed,coh,dbl_bfly_x,0_02,8985.378591,719813.0,719818.0
1b,mixed,coh,dbl_bfly_x,0_03,9092.112676,1079452.0,1079458.0
1b,mixed,coh,dbl_bfly_x,0_04,9206.520435,1438058.0,1438068.0
1b,mixed,coh,dbl_bfly_x,0_05,9325.64662,1796349.0,1796367.0
1b,mixed,coh,dbl_bfly_x,0_06,9462.140327,2155390.0,2155407.0
1b,mixed,coh,dbl_bfly_x,0_07,9610.139577,2515135.0,2515163.0
1b,mixed,coh,dbl_bfly_x,0_08,9765.568211,2874588.0,2874616.0
1b,mixed,coh,dbl_bfly_x,0_09,9933.321544,3234002.0,3234032.0
1b,mixed,coh,dbl_bfly_x,0_1,10121.502006,3593847.0,3593887.0
1b,mixed,coh,dbl_bfly_x,0_11,10319.286816,3952429.0,3952472.0
1b,mixed,coh,dbl_bfly_x,0_12,10540.746462,4311895.0,4311936.0
1b,mixed,coh,dbl_bfly_x,0_13,10779.655495,4671485.0,4671519.0
1b,mixed,coh,dbl_bfly_x,0_14,11048.300826,5031858.0,5031915.0
1b,mixed,coh,dbl_bfly_x,0_15,11344.872183,5392260.0,5392330.0
1b,mixed,coh,dbl_bfly_x,0_16,11676.1162,5751416.0,5751474.0
1b,mixed,coh,dbl_bfly_x,0_17,12059.3069,6110990.0,6111059.0
1b,mixed,coh,dbl_bfly_x,0_18,12489.79614,6469599.0,6469690.0
1b,mixed,coh,dbl_bfly_x,0_19,12996.745947,6828292.0,6828363.0
1b,mixed,coh,dbl_bfly_x,0_2,13600.42731,7187601.0,7187719.0
1b,mixed,coh,dbl_bfly_x,0_21,14361.463042,7548087.0,7548198.0
1b,mixed,coh,dbl_bfly_x,0_22,15372.330063,7906938.0,7907042.0
1b,mixed,coh,dbl_bfly_x,0_23,17013.503717,8265804.0,8265929.0
1b,mixed,coh,dbl_bfly_x,0_24,20481.200969,8625385.0,8625527.0
1b,mixed,coh,dbl_bfly_x,0_25,343864.157945,8980948.0,8981142.0
1b,mixed,coh,dbl_bfly_x,0_26,3469618.120654,9273785.0,9274002.0
1b,mixed,coh,dbl_bfly_x,0_27,9529481.609453,9496203.0,9496429.0
1b,mixed,coh,dbl_bfly_x,0_28,17621242.636866,9674404.0,9674655.0
1b,mixed,coh,dbl_bfly_x,0_29,24240597.949048,9847667.0,9847901.0
1b,mixed,coh,cmesh_x,0_01
1b,mixed,coh,cmesh_x,0_02
1b,mixed,coh,cmesh_x,0_03
1b,mixed,coh,cmesh_x,0_04
1b,mixed,coh,cmesh_x,0_05
1b,mixed,coh,cmesh_x,0_06
1b,mixed,coh,cmesh_x,0_07
1b,mixed,coh,cmesh_x,0_08
1b,mixed,coh,cmesh_x,0_09
1b,mixed,coh,cmesh_x,0_1
1b,mixed,coh,cmesh_x,0_11
1b,mixed,coh,cmesh_x,0_12
1b,mixed,coh,cmesh_x,0_13
1b,mixed,coh,cmesh_x,0_14
1b,mixed,coh,cmesh_x,0_15
1b,mixed,coh,cmesh_x,0_16
1b,mixed,coh,cmesh_x,0_17
1b,mixed,coh,cmesh_x,0_18
1b,mixed,coh,cmesh_x,0_19
1b,mixed,coh,butter_donut_x,0_01,8538.253709,359869.0,359872.0
1b,mixed,coh,butter_donut_x,0_02,8615.714015,719813.0,719818.0
1b,mixed,coh,butter_donut_x,0_03,8710.444841,1079452.0,1079458.0
1b,mixed,coh,butter_donut_x,0_04,8811.634076,1438058.0,1438068.0
1b,mixed,coh,butter_donut_x,0_05,8915.093775,1796349.0,1796367.0
1b,mixed,coh,butter_donut_x,0_06,9032.076886,2155391.0,2155407.0
1b,mixed,coh,butter_donut_x,0_07,9157.0039,2515136.0,2515163.0
1b,mixed,coh,butter_donut_x,0_08,9291.983863,2874588.0,2874616.0
1b,mixed,coh,butter_donut_x,0_09,9432.71471,3234006.0,3234032.0
1b,mixed,coh,butter_donut_x,0_1,9589.950262,3593849.0,3593887.0
1b,mixed,coh,butter_donut_x,0_11,9758.396524,3952430.0,3952472.0
1b,mixed,coh,butter_donut_x,0_12,9945.045422,4311897.0,4311938.0
1b,mixed,coh,butter_donut_x,0_13,10143.785836,4671485.0,4671519.0
1b,mixed,coh,butter_donut_x,0_14,10392.412243,5031835.0,5031915.0
1b,mixed,coh,butter_donut_x,0_15,10606.311356,5392265.0,5392329.0
1b,mixed,coh,butter_donut_x,0_16,10907.155378,5751390.0,5751472.0
1b,mixed,coh,butter_donut_x,0_17,11206.606586,6110964.0,6111058.0
1b,mixed,coh,butter_donut_x,0_18,11608.502406,6469583.0,6469691.0
1b,mixed,coh,butter_donut_x,0_19,12015.192098,6828280.0,6828362.0
1b,mixed,coh,butter_donut_x,0_2,12519.688004,7187565.0,7187717.0
1b,mixed,coh,butter_donut_x,0_21,13106.199966,7548066.0,7548193.0
1b,mixed,coh,butter_donut_x,0_22,13869.885611,7906918.0,7907038.0
1b,mixed,coh,butter_donut_x,0_23,14860.815671,8265793.0,8265927.0
1b,mixed,coh,butter_donut_x,0_24,11735.324778,6702878.0,6703009.0
1b,mixed,coh,butter_donut_x,0_25,15342.954004,7783002.0,7783137.0
1b,mixed,coh,butter_donut_x,0_26,12104.326071,6772814.0,6772946.0
1b,mixed,coh,butter_donut_x,0_27,15852.188235,7179298.0,7179448.0
1b,mixed,coh,butter_donut_x,0_28,27267.536377,7427097.0,7427247.0
1b,mixed,coh,butter_donut_x,0_29,31591.829019,7630380.0,7630520.0
